{"responses":[{"responseId":"R_cD4jkzmzDOZKehL","values":{"startDate":"2020-05-19T14:26:34Z","endDate":"2019-06-18T22:25:22Z","status":4,"ipAddress":"107.222.16.165","finished":1,"recordedDate":"2020-05-19T14:26:34.668Z","_recordId":"R_cD4jkzmzDOZKehL","QID1_TEXT":"I regret listening to my dad who said, \"Women can't be lawyers.\"","QID3_TEXT":76,"QID1_TEXT_907fcab0db764e288194c351Sentiment":"Negative","QID1_TEXT_907fcab0db764e288194c351SenScore":-7,"QID1_TEXT_907fcab0db764e288194c351SenPol":0,"QID1_TEXT_907fcab0db764e288194c351Topics":["Unknown"]},"labels":{"status":"Imported","finished":"True","QID1_TEXT_907fcab0db764e288194c351Topics":["Unknown"]},"displayedFields":[],"displayedValues":{}},{"responseId":"R_9LhOHbU3rMAdJcN","values":{"startDate":"2020-05-19T14:26:34Z","endDate":"2019-06-18T22:25:14Z","status":4,"ipAddress":"198.46.117.242","finished":1,"recordedDate":"2020-05-19T14:26:34.669Z","_recordId":"R_9LhOHbU3rMAdJcN","QID1_TEXT":"Being more willing to risk failure in both my career and my relationships as growth requires risk and sometimes failure.","QID3_TEXT":67,"QID1_TEXT_907fcab0db764e288194c351Sentiment":"Negative","QID1_TEXT_907fcab0db764e288194c351SenScore":-8,"QID1_TEXT_907fcab0db764e288194c351SenPol":1,"QID1_TEXT_907fcab0db764e288194c351Topics":["Unknown"]},"labels":{"status":"Imported","finished":"True","QID1_TEXT_907fcab0db764e288194c351Topics":["Unknown"]},"displayedFields":[],"displayedValues":{}},{"responseId":"R_dhWnPRag2hPheYt","values":{"startDate":"2020-05-19T14:26:34Z","endDate":"2019-06-18T22:25:09Z","status":4,"ipAddress":"70.62.125.134","finished":1,"recordedDate":"2020-05-19T14:26:34.670Z","_recordId":"R_dhWnPRag2hPheYt","QID1_TEXT":"I regret not going to Air Force Officer Candidate School.","QID3_TEXT":55,"QID1_TEXT_907fcab0db764e288194c351Sentiment":"Negative","QID1_TEXT_907fcab0db764e288194c351SenScore":-7,"QID1_TEXT_907fcab0db764e288194c351SenPol":0,"QID1_TEXT_907fcab0db764e288194c351Topics":["Unknown"]},"labels":{"status":"Imported","finished":"True","QID1_TEXT_907fcab0db764e288194c351Topics":["Unknown"]},"displayedFields":[],"displayedValues":{}},{"responseId":"R_6mpPpZnYmwCaHI1","values":{"startDate":"2020-05-19T14:26:34Z","endDate":"2019-06-18T22:25:06Z","status":4,"ipAddress":"173.66.7.161","finished":1,"recordedDate":"2020-05-19T14:26:34.671Z","_recordId":"R_6mpPpZnYmwCaHI1","QID1_TEXT":"I regret trying to fit into a mold that I thought I was supposed to fit into - rather than doing what I wanted to do.  And, I don't mean - becoming a dentist when I wanted to be an artist.  I mean - more like following the social norms of the corporate world because laughing in meetings was unacceptable - even though having fun is fun.  Come to find out IDEO encourages people to laugh and have fun and look how creative their people are?  No Hard Feelings has taught me that there is a time and place for your emotions, sure - and laughing at inappropriate moments - not ok...  - but, there are so many times when I stifled the real me.  And, for what?","QID3_TEXT":51,"QID1_TEXT_907fcab0db764e288194c351Sentiment":"Negative","QID1_TEXT_907fcab0db764e288194c351SenScore":-5,"QID1_TEXT_907fcab0db764e288194c351SenPol":1,"QID1_TEXT_907fcab0db764e288194c351Topics":["Unknown"]},"labels":{"status":"Imported","finished":"True","QID1_TEXT_907fcab0db764e288194c351Topics":["Unknown"]},"displayedFields":[],"displayedValues":{}},{"responseId":"R_7Vg3Oav42Fzha73","values":{"startDate":"2020-05-19T14:26:34Z","endDate":"2019-06-18T22:24:57Z","status":4,"ipAddress":"94.212.124.44","finished":1,"recordedDate":"2020-05-19T14:26:34.672Z","_recordId":"R_7Vg3Oav42Fzha73","QID1_TEXT":"That I didn't  became entrepreneur earlier in nu career","QID3_TEXT":52,"QID1_TEXT_907fcab0db764e288194c351Sentiment":"Negative","QID1_TEXT_907fcab0db764e288194c351SenScore":-1,"QID1_TEXT_907fcab0db764e288194c351SenPol":0,"QID1_TEXT_907fcab0db764e288194c351Topics":["Unknown"]},"labels":{"status":"Imported","finished":"True","QID1_TEXT_907fcab0db764e288194c351Topics":["Unknown"]},"displayedFields":[],"displayedValues":{}},{"responseId":"R_3Cs5vMQGTzbrl1r","values":{"startDate":"2020-05-19T14:26:34Z","endDate":"2019-06-18T22:24:55Z","status":4,"ipAddress":"99.203.129.162","finished":1,"recordedDate":"2020-05-19T14:26:34.673Z","_recordId":"R_3Cs5vMQGTzbrl1r","QID1_TEXT":"Taking better care of my health.","QID3_TEXT":55,"QID1_TEXT_907fcab0db764e288194c351Sentiment":"Negative","QID1_TEXT_907fcab0db764e288194c351SenScore":-1,"QID1_TEXT_907fcab0db764e288194c351SenPol":1,"QID1_TEXT_907fcab0db764e288194c351Topics":["Unknown"]},"labels":{"status":"Imported","finished":"True","QID1_TEXT_907fcab0db764e288194c351Topics":["Unknown"]},"displayedFields":[],"displayedValues":{}},{"responseId":"R_1TaX2U5GbwYX0Kp","values":{"startDate":"2020-05-19T14:26:34Z","endDate":"2019-06-18T22:24:55Z","status":4,"ipAddress":"71.14.164.130","finished":1,"recordedDate":"2020-05-19T14:26:34.674Z","_recordId":"R_1TaX2U5GbwYX0Kp","QID1_TEXT":"abortions","QID3_TEXT":61,"INCLUD_CEDty6rbxk":["YES"],"QID1_TEXT_907fcab0db764e288194c351Sentiment":"Negative","QID1_TEXT_907fcab0db764e288194c351SenScore":-1,"QID1_TEXT_907fcab0db764e288194c351SenPol":0,"QID1_TEXT_907fcab0db764e288194c351Topics":["Unknown"]},"labels":{"status":"Imported","finished":"True","INCLUD_CEDty6rbxk":["YES"],"QID1_TEXT_907fcab0db764e288194c351Topics":["Unknown"]},"displayedFields":[],"displayedValues":{}},{"responseId":"R_3zav91mJ5F5OKfH","values":{"startDate":"2020-05-19T14:26:34Z","endDate":"2019-06-18T22:24:47Z","status":4,"ipAddress":"72.177.108.197","finished":1,"recordedDate":"2020-05-19T14:26:34.675Z","_recordId":"R_3zav91mJ5F5OKfH","QID1_TEXT":"not being courageous enough to be a better parent","QID3_TEXT":43,"INCLUD_CEDty6rbxk":["YES"],"QID1_TEXT_907fcab0db764e288194c351Sentiment":"Negative","QID1_TEXT_907fcab0db764e288194c351SenScore":-2,"QID1_TEXT_907fcab0db764e288194c351SenPol":1,"QID1_TEXT_907fcab0db764e288194c351Topics":["Unknown"]},"labels":{"status":"Imported","finished":"True","INCLUD_CEDty6rbxk":["YES"],"QID1_TEXT_907fcab0db764e288194c351Topics":["Unknown"]},"displayedFields":[],"displayedValues":{}},{"responseId":"R_3n0UbzfjBwR1Q4l","values":{"startDate":"2020-05-19T14:26:34Z","endDate":"2019-06-18T22:24:44Z","status":4,"ipAddress":"12.236.69.98","finished":1,"recordedDate":"2020-05-19T14:26:34.676Z","_recordId":"R_3n0UbzfjBwR1Q4l","QID1_TEXT":"I had a really wonderful, beautiful, fun girlfriend who became long-distance, and we weren't able to keep it going. She'll always be the one that got away. I'm happily married with three kids now, but I'll always wonder \"what if?\"","QID3_TEXT":40,"INCLUD_CEDty6rbxk":["YES"],"QID1_TEXT_907fcab0db764e288194c351Sentiment":"Positive","QID1_TEXT_907fcab0db764e288194c351SenScore":6,"QID1_TEXT_907fcab0db764e288194c351SenPol":0,"QID1_TEXT_907fcab0db764e288194c351Topics":["Unknown"]},"labels":{"status":"Imported","finished":"True","INCLUD_CEDty6rbxk":["YES"],"QID1_TEXT_907fcab0db764e288194c351Topics":["Unknown"]},"displayedFields":[],"displayedValues":{}},{"responseId":"R_7WjqqgTBLhbwJut","values":{"startDate":"2020-05-19T14:26:34Z","endDate":"2019-06-18T22:24:43Z","status":4,"ipAddress":"204.64.50.216","finished":1,"recordedDate":"2020-05-19T14:26:34.677Z","_recordId":"R_7WjqqgTBLhbwJut","QID1_TEXT":"Not developing better basic habits when I was younger: flossing my teeth regularly; eating more vegetables regularly; getting 8 hours of sleep regularly; being on time regularly; going to church regularly; exercising regularly. I've made a lot of mistakes and had a lot of success. I've taken some risks that paid off and others that resulted in a crash-and-burn.  But I regret not developing better regular habits that would probably would have made failures less severe and made successes longer lived.","QID3_TEXT":43,"QID1_TEXT_907fcab0db764e288194c351Sentiment":"Positive","QID1_TEXT_907fcab0db764e288194c351SenScore":1,"QID1_TEXT_907fcab0db764e288194c351SenPol":2,"QID1_TEXT_907fcab0db764e288194c351Topics":["Unknown"]},"labels":{"status":"Imported","finished":"True","QID1_TEXT_907fcab0db764e288194c351Topics":["Unknown"]},"displayedFields":[],"displayedValues":{}}]}