{"responses":[{"responseId":"R_9S9At46suDF2cn3","values":{"startDate":"2020-05-19T14:26:29Z","endDate":"2020-05-05T19:08:56Z","status":4,"ipAddress":"92.234.131.16","finished":1,"recordedDate":"2020-05-19T14:26:29.978Z","_recordId":"R_9S9At46suDF2cn3","QID1_TEXT":"Being too shy with the girls","QID3_TEXT":53},"labels":{"status":"Imported","finished":"True"},"displayedFields":[],"displayedValues":{}},{"responseId":"R_5p3iLuda1tgbGNn","values":{"startDate":"2020-05-19T14:26:29Z","endDate":"2020-04-26T13:24:56Z","status":4,"ipAddress":"70.178.17.179","finished":1,"recordedDate":"2020-05-19T14:26:29.979Z","_recordId":"R_5p3iLuda1tgbGNn","QID1_TEXT":"Not finding love in time to be able to have kids before I had lost my ability through hysterectomy.","QID3_TEXT":31},"labels":{"status":"Imported","finished":"True"},"displayedFields":[],"displayedValues":{}},{"responseId":"R_0xsL1tvY4DKp0jj","values":{"startDate":"2020-05-19T14:26:29Z","endDate":"2019-11-23T05:07:50Z","status":4,"ipAddress":"35.2.249.177","finished":1,"recordedDate":"2020-05-19T14:26:29.980Z","_recordId":"R_0xsL1tvY4DKp0jj","QID1_TEXT":"Believing that it's always psychologically benign to think about any intellectual idea in any situation. \r\n(including before bed, while listening to friends, while playing basketball, after thinking about it for long enough, etc)","QID3_TEXT":20},"labels":{"status":"Imported","finished":"True"},"displayedFields":[],"displayedValues":{}},{"responseId":"R_0qg3T0HWMzioLSl","values":{"startDate":"2020-05-19T14:26:29Z","endDate":"2019-11-05T21:45:09Z","status":4,"ipAddress":"5.36.12.23","finished":1,"recordedDate":"2020-05-19T14:26:29.981Z","_recordId":"R_0qg3T0HWMzioLSl","QID1_TEXT":"Be more outspoken , mingle with family friends","QID3_TEXT":36},"labels":{"status":"Imported","finished":"True"},"displayedFields":[],"displayedValues":{}},{"responseId":"R_6th4gvXKOzJBV9b","values":{"startDate":"2020-05-19T14:26:29Z","endDate":"2019-10-20T02:33:03Z","status":4,"ipAddress":"104.172.238.183","finished":1,"recordedDate":"2020-05-19T14:26:29.982Z","_recordId":"R_6th4gvXKOzJBV9b","QID1_TEXT":"That I didn't travel or have more fun when I was in my late twenties. I was so focused on achieving at work, getting married, and having kids, that I wouldn't make time to take adventures.","QID3_TEXT":36},"labels":{"status":"Imported","finished":"True"},"displayedFields":[],"displayedValues":{}}]}